generation,chromosome,patient_waiting_time,total_time_in_system,resource_utilization_balance,staff_workload_equity
0,12>7>8>13>11>1>20>22>4>14>3>17>7>16>18>19>3>22>6>1>14>9>20>20,25.99362106096129,27.00029089039346,0.6666666666666666,0.0014998248276943467
0,8>23>7>13>7>23>4>2>11>24>22>18>22>22>13>8>19>16>9>3>18>7>23>6,25.908852909147214,26.84375803856964,1.0,0.001302083136380386
0,23>4>7>4>3>1>2>5>2>15>17>10>8>13>22>21>2>5>6>6>14>10>2>9,25.89894502202146,27.5121793116128,0.8333333333333334,0.0038799912073575107
0,10>24>18>23>3>21>16>3>15>17>1>11>20>8>12>11>8>23>19>3>24>22>7>21,26.272600919774447,27.133418508105727,0.6666666666666666,0.0010735347970396013
0,10>6>15>8>1>11>12>6>14>14>17>16>16>8>19>14>11>16>9>13>18>22>23>13,26.24888044619144,27.072196359788734,0.8333333333333334,0.0009838104922397079
0,13>20>8>21>12>3>2>21>2>7>9>5>8>18>1>20>21>9>4>15>3>9>24>24,26.022702340888518,27.006564547958384,0.9166666666666666,0.001429432883323504
0,19>8>17>17>10>16>1>6>13>4>4>21>24>14>21>24>4>11>10>2>19>11>12>4,25.523537920883772,27.3558366760013,1.0,0.005153601406079065
0,5>22>2>6>8>12>15>12>3>6>21>16>16>17>19>2>9>13>9>21>12>19>21>13,25.947955588846607,26.654655133388435,1.0,0.0007417598650168164
0,22>15>21>9>12>13>3>10>23>16>5>9>5>1>23>11>8>15>1>7>17>16>24>15,26.268398879388826,27.177788118619382,0.6666666666666666,0.001198484487474393
0,12>19>22>18>24>19>21>3>18>11>14>16>24>24>7>18>18>9>3>1>19>12>24>12,26.345767961045112,26.834007573323824,1.5833333333333333,0.0003434347994786396
0,24>17>15>10>22>12>4>9>2>5>1>11>16>9>11>24>19>13>7>22>6>8>22>13,25.938242760006194,27.1211855730569,0.5833333333333334,0.0020799188886367766
0,18>15>16>8>6>8>4>21>7>14>20>19>11>12>24>17>20>22>19>5>14>3>16>23,26.069440556132893,27.11275844600966,0.4166666666666667,0.0016016583633170149
0,13>12>8>11>19>21>7>8>6>12>17>6>8>23>2>12>18>4>2>4>23>1>5>1,25.67113083675497,26.924275615484376,0.9166666666666666,0.0023829366537450043
0,8>2>1>9>1>4>18>17>18>8>22>15>4>4>17>5>13>24>1>1>24>15>4>22,25.370434019569345,26.994017481953207,1.5,0.004095372824989337
0,22>13>15>7>2>15>8>16>21>1>15>6>21>7>15>14>10>17>18>14>19>24>11>13,26.18892283026685,27.038125086868135,0.8333333333333334,0.0010514460823865884
0,4>17>9>23>6>3>19>22>7>5>5>13>12>7>2>12>24>16>12>3>7>8>19>22,25.933501569323315,27.033713717873415,0.8333333333333334,0.0017998261312214662
0,22>24>24>23>2>4>8>14>3>21>15>14>4>7>4>21>15>18>8>9>10>19>19>5,25.90281026111258,27.484074915262173,0.75,0.003726622123657257
1,5>10>13>7>17>9>7>2>13>7>13>4>20>23>11>16>22>24>16>22>22>21>9>1,25.859481866270695,27.02672569036433,0.9166666666666666,0.0020374339176786427
1,6>22>21>22>7>1>21>5>17>15>1>18>24>19>9>21>12>17>20>18>8>9>4>8,25.866314942894345,26.96774905023446,0.75,0.0018132092225996439
1,8>23>22>8>17>9>12>15>20>2>6>18>14>12>2>5>22>1>10>23>2>19>4>22,25.86582480561809,27.104800157615188,0.75,0.0022944186806599354
1,16>22>8>11>17>7>7>1>22>14>18>18>12>12>9>16>5>20>20>9>14>9>24>24,26.169424734005748,26.84497186012473,0.9166666666666666,0.000666381527493699
1,20>7>6>6>3>3>5>24>2>4>22>12>20>16>21>16>12>16>11>9>11>9>20>4,25.856362491992755,27.06306071871851,1.0,0.002178023160462191
1,22>9>8>6>3>1>9>16>18>2>17>3>24>4>15>4>15>8>19>6>22>16>18>20,25.83565543788386,27.11368578940078,0.75,0.0024470529563769858
1,15>1>15>13>14>19>19>16>3>9>17>4>5>4>10>8>4>20>22>4>23>4>22>24,25.443810482858083,27.303966688364646,1.0833333333333333,0.005344837754779103
1,1>18>24>23>21>13>5>21>17>12>13>12>7>20>3>17>22>11>13>9>23>19>5>2,25.944099746085897,26.82399748411481,0.6666666666666666,0.0011502366243075128
1,6>9>13>21>8>13>12>1>15>7>13>3>20>24>2>14>19>4>20>14>23>24>2>8,25.919423762849828,26.8233665648774,0.6666666666666666,0.0012162734243319514
1,8>1>16>4>7>17>6>19>22>12>21>18>24>7>6>9>14>3>16>1>23>13>2>1,25.876772073703492,26.85967302299036,0.5,0.0014427773240950237
1,9>7>16>10>7>12>6>6>15>8>22>4>24>20>23>18>4>11>5>19>14>13>22>1,25.995155503057003,27.344414225067702,0.3333333333333333,0.002694049857991855
1,4>10>5>20>12>17>21>14>17>15>22>19>5>13>7>21>15>9>6>9>17>11>2>23,25.85051024991191,27.200405310643482,0.5833333333333334,0.0027268533160182706
1,15>21>11>13>1>6>5>16>8>15>1>19>22>1>2>2>22>4>13>11>20>16>9>24,25.910903799411983,26.846840317491207,0.75,0.001304751070115855
1,12>11>5>7>12>22>14>2>16>6>21>18>14>15>8>8>22>17>13>9>2>9>3>6,26.055446815680614,26.816526612891433,0.5833333333333334,0.0008532245387772444
1,22>10>9>4>8>21>8>16>20>4>17>21>11>1>22>21>12>12>7>19>12>4>17>24,25.48516399833164,27.01100305076254,1.0,0.003584615569754671
2,16>10>15>1>5>23>12>22>22>15>24>8>2>3>5>3>9>11>19>13>5>17>7>1,26.326280630849812,27.327223818022148,0.5833333333333334,0.0014455723840223476
2,4>20>22>4>20>15>10>16>16>18>15>9>8>4>17>2>6>1>3>13>17>14>3>9,25.669532487670068,27.291933641572673,0.75,0.003994666936136856
2,6>1>17>2>3>7>1>9>16>16>17>20>9>22>11>9>23>7>1>7>12>13>13>22,25.83570614026456,26.52950119589288,1.0833333333333333,0.0007211435585498084
2,6>13>9>21>5>2>9>16>18>12>22>6>2>4>2>11>14>7>11>12>18>16>6>7,25.92252565151682,26.913800431998723,1.0,0.0014622899277649181
2,12>16>9>8>17>16>5>9>21>3>22>4>12>13>1>21>11>24>5>21>23>16>4>14,25.79033016979783,27.080896858545035,0.8333333333333334,0.002504073650212728
2,8>23>11>6>3>17>21>1>17>24>6>4>18>18>2>21>15>21>20>18>13>9>13>1,25.834488031734764,26.9203222851142,0.8333333333333334,0.0017665557852383645
2,17>5>12>1>8>5>10>19>4>21>22>5>15>12>6>17>4>20>22>18>16>16>24>2,25.861644121720655,27.407613388313717,0.6666666666666666,0.003573464316348487
2,1>15>9>7>1>15>7>3>3>9>23>5>18>20>9>21>19>11>1>1>23>18>22>24,26.316464619751468,26.823224169723325,1.1666666666666667,0.0003708077418824204
2,1>22>11>20>1>7>12>19>15>7>12>20>10>13>13>14>16>7>19>22>23>16>11>17,26.104766719885387,26.917639440570095,0.9166666666666666,0.0009696287080964896
2,8>22>17>6>20>17>21>24>22>15>17>4>12>20>12>21>4>7>10>11>4>7>22>10,25.49337239516039,27.191084059834807,1.1666666666666667,0.004434792304412883
2,1>1>11>4>17>19>7>14>6>7>23>9>23>7>9>16>12>24>2>21>21>16>6>10,25.93074790571013,27.048047710397697,0.75,0.0018565615830008957
2,6>22>12>23>16>13>12>11>22>6>24>18>22>15>21>11>19>3>6>11>10>14>21>2,26.163569967457864,26.941816451393972,0.9166666666666666,0.000884790253193297
2,8>7>22>1>3>6>5>3>15>7>17>20>14>20>9>6>9>24>13>7>12>19>17>10,26.21989695846114,27.19930901772856,0.6666666666666666,0.0013953043008069401
2,20>18>16>4>3>23>9>8>14>3>22>4>21>15>8>2>20>4>1>15>11>14>5>22,25.78513765466759,27.24557203108836,0.75,0.003207932234746458
2,19>23>9>12>8>1>12>3>9>12>8>3>9>24>15>14>3>11>2>12>19>14>5>1,26.297738164910243,26.858255374181645,1.3333333333333333,0.0004542982962846128
2,22>23>17>21>19>11>12>1>17>24>6>18>23>8>12>23>23>2>6>13>5>10>2>2,25.889889845188623,26.929278148679774,1.0,0.0016117409684603724
2,9>18>16>20>13>7>1>3>8>6>1>4>15>18>22>21>16>3>11>2>12>14>11>4,25.907862558355788,27.12076657200706,0.5,0.0021917433496031276
2,9>7>16>10>11>4>4>2>22>9>1>20>2>13>17>21>19>7>22>1>23>20>22>2,25.585681763810907,26.918037545606516,0.9166666666666666,0.0027117299275439995
2,7>8>13>11>17>11>7>21>8>24>8>11>12>22>6>21>15>11>11>1>13>9>6>13,26.022052055731848,26.551216405221062,1.5833333333333333,0.0004135214788813984
2,18>7>9>1>14>3>7>3>22>6>16>4>2>7>2>4>14>11>2>11>17>9>9>1,25.733940486332145,27.006955803769674,1.1666666666666667,0.0024471166618574066
3,8>1>6>19>3>2>4>1>22>24>1>18>21>24>8>9>12>20>19>13>10>17>22>9,25.986307222620137,27.154670277624803,0.6666666666666666,0.002021466246338605
3,6>22>9>4>13>11>7>3>15>4>21>4>21>22>6>3>22>10>16>1>10>14>23>2,25.799880161952203,27.44658309152513,0.8333333333333334,0.004073757179040475
3,1>7>1>11>14>17>7>1>15>2>23>2>12>23>14>14>18>2>17>18>23>13>12>17,25.769299057187954,26.657324743441038,1.5,0.001187533431447608
3,12>8>5>1>13>6>1>1>22>4>4>7>8>24>22>9>12>9>1>7>5>4>17>1,25.610696918008212,27.0596657521326,1.5833333333333333,0.003200923503119644
3,7>3>21>11>1>7>16>16>22>12>15>7>7>18>14>4>20>9>1>11>21>22>15>24,26.013842700327313,26.893574878164294,1.0,0.001143646841966832
3,13>9>2>20>19>17>5>20>16>13>18>20>23>18>9>9>19>11>2>2>22>21>24>9,25.98897694481641,26.74420627300281,1.25,0.0008444604723204264
3,17>22>6>1>23>1>10>13>16>7>19>4>22>7>17>19>5>7>21>1>5>13>24>14,25.969751815242102,27.250418531820806,0.9166666666666666,0.002431849235351858
3,17>1>18>21>3>13>3>13>2>24>8>16>6>7>11>14>23>1>1>11>12>21>24>22,26.04111438443528,26.69956812775322,0.6666666666666666,0.0006393393152622232
3,4>14>17>5>16>7>7>19>4>24>12>2>8>7>11>3>16>20>10>2>12>18>17>1,25.829337634458355,27.321339496624425,0.6666666666666666,0.0033366618184302674
3,17>9>15>7>1>24>9>11>15>12>12>22>17>19>11>9>2>7>5>15>21>9>12>15,25.947794770055467,26.71309964192936,1.5,0.0008698974293186503
4,8>17>5>15>19>20>1>24>21>6>6>4>23>7>9>17>20>11>16>7>21>9>3>24,25.907714654027995,26.9780704255693,0.5833333333333334,0.001706860783030232
4,8>22>16>14>22>20>18>2>4>15>12>15>21>7>7>12>9>11>16>14>17>14>21>4,25.699348307581023,26.91941006084628,0.8333333333333334,0.0022538209161760015
4,12>22>5>15>22>7>15>22>22>10>17>23>12>4>2>18>11>6>8>19>11>22>21>24,25.892498663120296,27.106045174540732,1.0833333333333333,0.002196670547976804
4,20>11>18>1>24>7>13>20>4>23>1>6>11>10>15>21>9>11>22>19>3>23>3>14,26.18331411854496,27.258582443378845,0.5833333333333334,0.0016864927293313006
4,10>22>4>2>20>6>7>16>20>5>9>22>11>3>6>10>23>7>1>15>5>8>24>14,26.31441890854858,27.596708440846633,0.5,0.002374568081457482
4,3>7>5>23>13>19>19>16>15>23>18>20>23>16>12>21>12>16>2>1>12>3>24>1,26.167848771557797,26.74200849605218,1.0,0.00048142585137811775
4,15>22>6>2>8>11>10>20>21>15>8>7>9>7>1>10>9>11>2>8>3>16>17>6,26.274225931332268,27.303861789275253,0.8333333333333334,0.0015357037949567441
4,9>13>18>1>4>17>2>10>21>18>4>22>17>9>17>17>13>11>16>23>12>19>21>20,25.48814865171075,26.966359997030505,0.9166666666666666,0.0033635390926157016
5,16>22>16>15>6>19>20>5>24>17>12>22>2>3>9>11>8>22>10>7>12>2>21>6,26.084188667873594,27.02553520373,0.5833333333333334,0.001302400012853041
5,3>16>19>15>4>19>12>20>3>4>17>4>12>2>18>21>21>22>22>11>10>19>24>24,25.68042578178493,27.25720823603165,0.9166666666666666,0.003769980615471491
5,19>22>24>15>17>7>1>5>21>12>9>18>6>7>21>10>5>11>15>19>21>14>18>6,26.359350789081557,27.26775684079489,0.75,0.0011876558659751773
5,12>17>1>20>9>9>2>20>4>7>19>13>23>7>17>24>12>14>15>19>21>14>24>14,25.77279140282577,26.79484054174431,0.8333333333333334,0.0015726085620895395
5,6>22>2>14>4>19>23>2>15>4>10>2>9>24>2>21>2>11>15>21>5>4>21>18,25.600754607548822,27.160488699037742,1.4166666666666667,0.003711894258803595
5,1>23>5>14>6>7>11>7>16>23>12>23>18>13>8>2>21>11>15>19>8>17>10>23,26.18535115992007,27.090196086731687,0.75,0.0011940747277392344
5,1>20>2>23>22>6>16>11>21>11>6>18>1>13>8>17>21>6>15>19>5>13>21>5,26.09720582888748,26.8443440685551,0.8333333333333334,0.000819622567756462
5,9>22>2>13>14>17>24>19>15>5>17>22>23>20>8>17>22>14>20>12>12>5>3>21,25.88074242156159,26.860682676308635,0.8333333333333334,0.0014336585718271611
5,16>16>9>7>22>1>12>16>3>15>23>4>3>24>8>3>23>20>18>13>21>14>20>22,26.028768250194418,26.958828771364242,0.75,0.0012767774000117852
5,8>16>23>3>9>7>21>10>21>15>17>22>22>9>21>11>1>9>16>2>12>8>17>1,25.975737803256862,26.925364317123407,0.9166666666666666,0.0013365028206194576
5,8>13>4>15>17>1>2>16>15>12>6>20>23>13>8>17>7>2>11>21>10>19>16>14,25.833293649918943,27.04396494839858,0.5,0.0021963064247384058
5,6>20>16>7>6>7>24>22>3>12>14>19>15>24>4>9>23>8>2>19>16>14>21>17,25.902317079463398,26.88111127103083,0.5,0.0014279254563262067
6,16>16>9>15>6>1>1>19>5>12>17>5>22>18>6>14>12>10>20>19>8>23>18>14,26.387959107747026,27.29769403964986,0.6666666666666666,0.001188551863259755
6,1>13>8>15>11>19>10>18>22>15>19>20>1>18>24>11>5>23>6>11>6>12>10>14,26.545599281456834,27.42058319949221,0.75,0.0010864633314088435
6,20>17>9>19>17>6>1>16>22>12>9>18>16>13>21>16>16>15>20>12>13>17>16>14,25.851171453760177,26.646153481272183,1.4166666666666667,0.0009457016893213854
6,1>19>8>16>13>6>20>15>4>12>23>18>8>18>11>10>13>9>13>22>8>19>21>14,26.152569101127472,27.227342573850134,0.6666666666666666,0.0016889047646890451
6,9>8>16>2>3>16>2>5>22>17>20>4>12>20>9>14>2>20>18>12>13>4>9>17,25.587106242952288,26.91213752375082,1.0833333333333333,0.0026816983032949136
6,15>22>16>6>8>24>18>19>24>5>10>17>1>13>20>11>7>17>5>22>3>21>14>12,26.241023463844016,27.28129833913061,0.3333333333333333,0.0015715734377349556
6,20>23>9>10>4>13>18>8>9>12>1>24>8>4>3>17>22>8>6>12>7>19>3>14,25.934471367588856,27.334318797731143,0.5833333333333334,0.0029134435558106106
6,8>17>8>2>5>1>6>24>6>6>4>19>23>20>17>17>9>18>21>1>13>4>3>21,25.615133964556602,26.977296210811616,0.8333333333333334,0.002827902392128897
6,12>22>16>15>20>20>6>22>23>6>1>15>10>20>16>3>5>18>1>19>8>12>15>6,26.34711628327136,27.089935970287794,1.0833333333333333,0.0007948782876952882
6,12>22>2>10>17>17>15>19>3>4>18>18>20>4>16>13>5>11>18>7>12>4>22>6,25.67156725874413,27.34213092183554,0.75,0.004234686795816731
6,20>3>6>1>17>4>23>1>22>12>9>4>9>20>21>7>7>9>5>15>8>4>22>18,25.613917603710302,27.05300894311851,0.8333333333333334,0.003156637437009184
6,12>23>4>9>6>13>11>2>23>5>17>15>1>3>24>13>2>17>16>1>18>13>7>23,25.72942739101835,26.826446093302874,0.75,0.0018178909224591249
6,3>13>4>16>17>23>7>19>15>6>2>20>6>15>16>2>24>17>16>17>13>19>6>13,25.636271341443077,26.719369467809777,1.25,0.0017849493204185462
6,22>10>5>16>11>1>7>22>3>12>19>4>19>4>11>9>24>9>5>22>6>21>18>14,26.082476925482933,27.4885278933527,0.6666666666666666,0.002906059243411451
6,12>17>4>2>22>14>20>18>22>4>17>18>1>4>17>17>16>1>22>4>8>23>21>24,25.043428757415512,26.58506298089555,1.4166666666666667,0.003789440634896808
7,16>20>16>9>21>7>23>18>2>15>15>12>11>15>20>21>5>12>21>19>15>7>21>8,26.16024185554801,26.662393689288837,1.3333333333333333,0.0003684568172561606
7,2>16>5>1>3>19>23>13>3>15>7>24>15>4>16>9>18>1>22>19>21>21>8>14,26.09869755695425,27.08184042367069,0.5,0.0014190431307927014
7,12>17>16>16>23>13>15>19>2>11>17>18>9>5>11>13>19>22>16>7>18>18>15>14,26.07481253927138,26.930820733734528,0.9166666666666666,0.0010777386419621494
7,14>9>24>14>22>17>5>23>16>11>9>2>18>8>22>24>18>9>21>1>21>12>23>14,26.080951620576382,26.81863427446016,0.9166666666666666,0.0008000042160890777
7,3>9>9>13>22>6>7>17>2>17>23>16>24>7>16>4>2>9>16>13>8>14>7>11,25.711300423556935,26.74287757604167,1.0,0.0016097385463746186
7,9>19>11>16>17>22>18>5>24>15>16>2>2>15>16>14>7>11>8>4>3>21>15>23,25.96753533501079,27.03937827226166,0.6666666666666666,0.0017037302663803551
7,20>20>12>16>23>19>1>17>3>4>17>19>2>2>22>4>2>14>22>13>15>7>8>19,25.50307480174858,26.757747421639312,0.8333333333333334,0.0024203365094897004
7,22>8>18>2>3>1>2>17>6>4>23>15>9>11>17>12>14>22>15>12>3>21>9>8,25.75462478115138,26.85243933096308,0.6666666666666666,0.0018169689705029425
7,3>16>4>16>21>22>1>13>23>7>17>15>8>4>19>4>19>11>6>19>13>4>23>18,25.4343458034412,26.98403952290245,1.0,0.003712364428138741
7,12>9>16>2>24>21>10>8>7>13>17>18>23>9>19>12>14>11>21>1>8>5>23>14,26.198176020064665,27.102304005266202,0.5,0.0011910163201867814
7,8>12>11>16>23>22>20>7>5>12>17>3>20>4>12>9>19>14>17>21>19>7>21>7,25.84081098212543,26.924698839672814,0.8333333333333334,0.0017593669256102593
7,12>6>11>14>4>14>17>16>2>4>8>19>22>5>20>13>23>1>18>15>8>3>4>14,25.69521809467638,27.188268137457037,0.5833333333333334,0.0033763239705572206
7,1>17>13>15>17>24>7>8>16>8>14>1>2>24>2>13>18>1>13>11>15>7>18>7,25.975933127702493,26.749901838351843,1.25,0.0008877782324887553
8,22>2>15>9>11>12>12>1>10>4>17>22>24>7>10>17>3>23>21>13>3>1>18>14,25.986661455714977,27.383828931036287,0.5,0.0028906529718774093
8,20>22>9>2>10>11>19>6>7>4>16>19>15>11>22>12>19>12>6>21>17>18>8>14,25.995525865148135,27.159234229778697,0.5833333333333334,0.002003969454481948
8,22>9>1>9>13>23>18>22>16>11>7>5>17>2>10>18>14>1>21>13>20>18>1>7,26.20160149934581,27.139094874909656,0.8333333333333334,0.0012802086017799769
8,8>22>16>9>4>21>2>19>18>11>9>23>17>20>20>13>19>11>16>11>8>21>14>18,25.928931491478,26.93102252274947,0.8333333333333334,0.0014936371602187791
8,23>15>2>16>1>22>16>13>18>12>9>5>11>22>9>8>4>10>6>21>3>18>10>14,26.26916578579204,27.553701844546573,0.4166666666666667,0.0023911126512729864
8,5>20>24>9>23>14>17>17>7>11>2>19>11>22>11>19>3>11>13>7>3>18>9>16,26.109538454298512,26.95773667000831,0.9166666666666666,0.001055349526301536
8,23>9>1>2>4>16>20>8>5>13>9>18>22>4>16>15>14>17>21>13>16>21>20>18,25.753563526822717,27.025228956958113,0.75,0.0024382097779283786
8,8>2>14>16>4>21>17>15>18>11>17>19>18>4>19>4>13>1>8>14>21>4>18>16,25.449998870834346,27.088901739016706,1.25,0.004146970020141095
8,13>22>8>9>23>8>18>2>3>12>15>18>11>18>24>6>5>9>21>11>18>12>19>19,26.306511251603638,26.919981002932776,0.9166666666666666,0.0005438257844128084
8,13>16>9>14>11>23>10>5>10>12>23>8>8>5>22>17>3>12>22>21>16>21>19>7,26.34042370159986,27.435317355599384,0.6666666666666666,0.001727819471901284
8,1>5>4>16>16>24>17>17>5>12>12>22>22>4>19>13>14>4>21>21>13>14>7>22,25.464440527706795,26.942715995524413,1.0833333333333333,0.0033700974708832866
8,3>9>9>16>17>1>2>18>16>4>23>4>12>4>20>15>12>14>22>21>15>12>22>5,25.543107562939273,26.98244243623723,0.8333333333333334,0.003175237619950897
8,1>9>19>2>11>19>2>8>16>7>23>5>20>9>8>4>13>9>8>24>15>21>8>7,26.009890486557413,26.94906425331117,1.0,0.0013038116557743552
8,14>9>8>2>3>21>5>24>5>11>12>17>20>20>1>11>19>1>16>11>15>12>14>21,26.215844526656223,26.95078517452793,0.75,0.0007859172662234443
8,13>22>16>10>13>16>20>6>24>12>17>17>12>17>19>5>14>9>18>13>8>21>15>15,26.02851852651816,27.101833814725513,0.75,0.0017004181464646995
8,8>2>24>9>23>21>22>22>18>24>18>17>15>4>1>6>12>6>16>19>18>21>24>21,25.850128857227347,26.85148943549541,0.9166666666666666,0.001500567566862515
8,14>9>24>9>4>14>17>17>2>16>4>8>8>4>20>2>4>1>22>24>18>17>23>8,25.201460440216454,26.775872965424522,1.3333333333333333,0.003902884093277379
8,1>16>9>13>13>14>12>13>5>17>17>1>2>2>2>2>3>22>22>21>17>21>21>21,25.606550968827634,26.487659607201458,1.6666666666666667,0.0011840137514658796
9,19>20>8>1>13>8>22>8>24>24>23>19>7>22>16>24>11>1>24>22>5>21>1>14,26.172997328099267,26.65455748377885,1.3333333333333333,0.0003385276688818934
9,3>11>6>5>13>11>9>15>19>16>9>1>20>24>21>24>15>19>16>21>21>21>14>9,26.264916326591102,26.679189077547676,1.1666666666666667,0.00024878299584838777
9,11>22>18>15>17>19>18>13>16>12>15>6>8>16>13>12>3>7>15>19>9>1>3>13,26.16588830456874,26.812128978178432,0.9166666666666666,0.0006099828301925526
9,2>20>13>2>8>11>5>19>18>17>1>15>7>23>21>12>23>1>14>19>9>22>8>17,25.94142611159082,26.779388693709308,0.5,0.0010434257682267031
9,12>21>9>14>13>19>1>1>18>13>15>8>2>20>10>12>22>15>11>15>3>5>21>5,26.36887815032574,27.20226776031643,0.6666666666666666,0.000998878939972565
9,2>21>17>24>22>11>17>8>19>11>1>4>20>4>13>20>19>10>11>24>15>12>24>7,25.71033106950237,27.107656803917095,0.8333333333333334,0.002953792455173951
9,23>7>16>2>11>16>20>17>23>13>24>22>20>9>12>17>23>1>14>11>8>21>2>9,25.78370961278934,26.47866803475509,0.75,0.0007264853184180466
9,8>4>19>2>7>14>2>13>16>24>5>18>15>4>14>20>19>22>21>11>21>6>15>16,25.866022285247293,27.099516609564844,0.5833333333333334,0.002274128579797742
9,21>22>3>16>7>19>20>6>21>12>16>24>15>18>2>6>2>7>14>13>17>4>15>18,25.871880704420125,26.893857527297836,0.5833333333333334,0.00156036461557687
9,8>21>19>13>15>19>20>19>21>11>17>17>2>22>13>4>18>6>4>13>17>12>1>14,25.499980784402748,26.78561785569441,0.9166666666666666,0.0025418918415860002
9,1>22>6>21>1>3>9>17>24>13>15>1>12>13>20>12>19>17>4>11>21>12>15>18,25.766443048294395,26.790505017550622,0.8333333333333334,0.0015795869449092758
10,19>20>16>12>15>16>16>16>21>7>2>24>1>24>13>24>14>16>21>13>11>1>8>19,26.117314354884893,26.465723996255118,1.4166666666666667,0.00017796036846163895
10,1>11>14>16>7>8>16>1>16>13>6>18>7>17>5>13>13>1>17>19>21>6>3>8,26.119716300104702,26.905308715506454,1.0833333333333333,0.000904602227055187
10,8>20>20>17>23>1>11>5>22>24>7>22>16>4>13>24>5>1>24>12>12>19>15>8,25.94772256581508,26.992736254119475,0.75,0.001621979895202872
10,8>9>1>21>13>19>24>1>19>4>15>22>2>24>13>13>1>11>14>9>12>2>24>9,25.859193669857344,26.730405500583615,1.1666666666666667,0.0011350567379592917
10,8>20>16>21>22>7>6>18>2>19>1>24>19>17>10>24>19>16>22>2>3>6>15>14,26.173003366277346,27.070547240828635,0.6666666666666666,0.0011759916893016127
10,12>19>23>2>22>2>4>17>8>16>22>22>6>7>3>13>2>4>22>24>19>1>15>5,25.555693724937797,26.806726468122882,0.9166666666666666,0.0023964148595913976
10,19>19>8>2>17>16>11>22>8>23>16>6>1>18>8>18>19>8>15>15>12>22>2>24,26.063598244550224,26.757411576098004,1.1666666666666667,0.0007086251072860762
10,1>6>16>2>7>7>17>16>2>13>5>24>2>18>11>15>24>4>21>12>17>12>3>3,25.786602537336524,26.927358557881245,0.75,0.0019570291133646812
10,1>22>17>7>14>19>4>13>19>5>16>6>1>20>17>24>2>15>23>15>21>24>20>24,25.809697421387938,26.882854294391315,0.6666666666666666,0.0017288630654672624
10,8>4>23>16>17>18>3>22>22>19>15>3>1>4>13>19>24>2>9>3>23>21>14>14,25.787613651930666,27.074979038873423,0.6666666666666666,0.0024921911318270336
10,3>19>9>12>4>23>2>13>6>17>15>13>21>21>13>13>24>22>18>19>21>24>2>24,25.722073251639703,26.690953282859642,1.1666666666666667,0.0014188225059971384
10,19>18>9>9>18>16>2>17>6>13>16>19>2>4>8>16>23>16>21>11>8>22>14>3,25.919560099294614,26.95799843938373,0.9166666666666666,0.0016051150821735057
10,3>4>9>14>13>11>5>17>22>16>17>22>6>9>3>12>24>4>22>4>12>12>3>9,25.511328637994286,27.00257522159316,1.3333333333333333,0.003416903932562629
10,11>22>13>16>13>18>7>6>24>19>17>15>19>4>8>6>1>1>21>9>19>23>3>16,25.948881926462406,26.921508919352206,0.5833333333333334,0.0014049321035964144
11,1>17>9>17>11>16>4>22>21>12>15>24>6>22>12>24>5>4>11>1>4>24>3>2,25.443283549512742,26.885891633326118,0.9166666666666666,0.0032147737030522074
11,7>13>13>1>22>19>4>21>8>12>23>24>9>14>8>13>19>1>24>13>3>21>15>5,26.00287734248039,26.931823640694986,0.9166666666666666,0.0012762577786041508
11,24>21>9>5>4>21>2>18>8>24>15>12>23>24>12>23>19>6>4>13>16>2>3>14,25.798020196061984,27.024499729186548,0.6666666666666666,0.002260205116831951
11,2>20>15>8>9>12>6>18>17>21>3>19>8>22>3>14>19>4>24>2>4>15>14>5,25.861696407139206,27.196758265134513,0.5833333333333334,0.0026649481190832037
11,17>19>6>16>13>7>14>1>8>16>15>3>1>8>11>13>2>11>24>12>11>13>17>19,26.005221181989736,26.740842597207955,0.9166666666666666,0.0008001798737659427
11,1>20>15>16>23>16>6>17>2>13>23>1>20>22>4>24>20>7>8>7>13>6>5>19,25.850167374578007,26.8378076807631,0.75,0.0014597244823412172
11,17>20>9>18>4>19>4>17>8>15>9>12>1>10>17>13>14>11>12>21>10>22>17>6,25.698085658953705,27.332575199062696,0.8333333333333334,0.004045411889069045
11,8>4>1>22>22>1>17>5>18>21>16>15>9>7>11>7>19>6>6>12>18>13>14>18,26.025620172428262,27.080225109843482,0.5833333333333334,0.0016420161565084176
11,20>4>15>2>22>7>20>17>8>11>3>5>6>4>13>7>3>4>14>11>15>13>10>6,25.78238085805513,27.3941929124375,0.8333333333333334,0.003908253808743028
11,6>20>9>22>17>17>9>23>8>12>23>15>12>8>5>23>5>1>2>22>12>11>20>5,25.968569368007497,26.879800793948032,1.1666666666666667,0.0012312927681890774
11,20>20>13>18>23>7>1>22>8>13>6>22>19>24>10>24>14>11>21>10>12>5>5>14,26.478828891405346,27.434446296987606,0.5833333333333334,0.0013024784797410595
11,17>22>16>16>13>15>6>23>7>12>17>5>21>7>3>17>14>22>12>2>9>7>14>5,25.890386774222574,26.854873578603552,0.9166666666666666,0.0013877636370297935
11,3>16>9>16>7>15>22>17>20>7>15>9>9>20>5>13>2>14>23>1>11>11>15>2,26.064603903699815,26.768980550801334,0.9166666666666666,0.0007303106583745727
11,11>11>8>17>19>21>22>10>14>4>3>2>23>4>10>13>7>8>1>9>11>20>15>18,26.00871051205355,27.538132601377164,0.5,0.003457936987977337
11,23>13>19>11>18>21>11>9>2>19>16>5>21>24>20>16>24>19>5>22>12>22>15>13,26.16766717840396,26.79407866422298,0.8333333333333334,0.0005730459001050122
12,1>5>9>2>7>24>5>8>15>12>3>22>17>24>23>17>14>6>23>11>10>2>15>7,26.12329948139903,27.195449636896544,0.5833333333333334,0.0016844385311617395
12,22>5>21>1>14>12>6>13>7>6>21>3>19>21>3>23>19>18>22>11>24>6>2>13,26.14992430370344,26.759142253251134,0.8333333333333334,0.0005427558448933299
12,23>17>13>24>17>7>17>23>1>13>6>23>15>24>16>5>9>19>6>1>16>12>1>5,25.916305719012104,26.812373962964095,1.1666666666666667,0.0011954625734455378
12,20>4>13>2>12>19>8>12>5>11>14>24>21>24>4>13>8>12>21>16>12>13>22>4,25.55946021505146,26.915736556332863,1.25,0.0028157430214579924
12,17>17>17>22>17>4>22>8>24>12>6>7>15>11>20>18>5>8>22>22>11>21>1>11,25.621330670315746,26.815370826685694,1.3333333333333333,0.002171873379434939
12,21>13>1>18>7>4>4>20>6>12>23>22>15>14>5>16>3>1>5>11>8>5>19>2,26.003504902493848,27.32197798617427,0.4166666666666667,0.002570861965100661
12,20>13>13>1>1>21>9>5>8>12>6>17>14>16>19>14>22>7>12>13>13>2>24>18,26.031769618672815,26.725437297620086,0.75,0.0007100607949006025
12,23>13>6>8>20>4>17>24>21>16>20>2>12>14>19>13>3>13>12>21>11>20>11>13,25.795435521736646,26.743422864078898,1.0,0.0013505769943009836
12,7>9>1>8>16>7>12>4>8>19>6>20>19>16>21>24>2>12>6>9>13>17>18>13,25.86428612112042,26.816092171345574,0.6666666666666666,0.0013542409132490418
12,11>17>1>2>2>19>4>8>1>4>13>17>15>12>12>19>6>3>23>14>11>8>3>1,25.64785994453598,26.942954239026598,0.9166666666666666,0.002549767101141244
12,20>20>13>11>22>18>8>20>2>21>21>3>1>21>5>24>1>3>2>16>12>20>22>9,26.108625449967445,26.733019959771465,1.0833333333333333,0.0005719395580962157
12,11>11>9>6>3>15>9>12>15>12>5>23>12>20>22>20>9>8>23>21>8>15>19>14,26.212452343327442,26.69820553167202,1.0833333333333333,0.0003434124310203514
13,18>22>24>2>21>13>22>23>18>19>17>5>12>7>20>16>14>4>17>9>24>20>14>15,25.8255125864881,26.949895460352298,0.5,0.0018955294819840351
13,13>23>6>4>22>5>2>23>8>13>3>3>12>19>9>21>16>8>15>11>18>7>21>8,26.027519145990848,27.014909182357375,0.5833333333333334,0.0014391694509073326
13,13>2>4>8>23>7>17>22>21>11>22>18>12>21>7>19>15>18>23>11>3>9>21>12,25.80180978266354,26.80285502560705,0.75,0.0015052445863669307
13,22>13>12>22>21>13>1>23>16>12>10>3>12>8>7>19>9>19>15>1>12>7>19>19,26.17887574146212,26.896534710407384,1.3333333333333333,0.0007515091109658183
13,20>22>23>18>14>19>9>3>15>16>6>24>2>21>24>11>19>19>22>24>16>15>18>6,26.21148016008681,26.709266640272215,0.9166666666666666,0.0003606642546673877
13,24>17>8>6>7>15>9>13>9>12>1>1>11>23>20>4>12>12>15>13>24>6>14>8,25.865707605630988,26.781928692898568,0.8333333333333334,0.0012547344968036466
13,16>8>14>2>21>19>9>24>18>12>23>23>3>16>15>16>20>8>6>9>20>11>2>5,26.204960601122355,26.781417970796397,0.6666666666666666,0.0004839130891673231
13,14>11>1>8>17>13>9>24>9>19>7>23>18>9>16>17>12>18>11>9>24>8>5>3,26.16926525028332,26.97522883564059,0.9166666666666666,0.0009485228158449269
13,23>17>23>8>3>19>13>13>7>19>17>9>24>11>5>5>12>1>22>21>15>20>24>6,26.04819651628615,26.88976112608791,0.5,0.0010438055659382614
13,17>17>8>2>22>15>13>13>14>13>1>12>12>4>19>11>1>18>23>2>16>2>19>7,25.636823904419405,26.679003139330852,0.8333333333333334,0.00165255678217722
13,20>13>9>22>2>6>9>18>1>12>7>18>21>12>12>14>3>18>23>22>24>14>18>3,26.191834291090814,26.799463969335417,1.0833333333333333,0.0005382030155128354
13,20>17>24>22>7>24>8>13>18>11>7>19>24>7>19>14>11>18>16>21>18>24>21>1,26.17938278232994,26.789084364364406,1.25,0.0005423951998395414
13,11>20>4>22>10>15>13>13>15>3>4>2>14>23>4>19>17>1>8>4>8>19>11>6,25.539418742859066,27.242516878487226,0.9166666666666666,0.004446899651988435
14,14>13>10>22>11>12>24>9>1>20>22>18>12>19>20>22>1>18>17>1>4>2>23>8,25.928554733530728,27.1056548545273,0.75,0.00206096297225497
14,18>3>20>12>23>15>17>18>14>22>7>23>2>22>23>22>12>8>22>8>24>7>2>16,25.903106602827183,26.627080709264664,1.1666666666666667,0.0007811642531832692
14,22>12>7>17>7>21>16>11>14>19>22>8>21>4>23>17>2>18>19>15>10>18>21>6,25.88189456198698,27.125851589008736,0.6666666666666666,0.002310035362291018
14,10>21>13>12>22>4>17>17>2>23>15>4>24>23>20>5>2>18>24>4>12>6>9>13,25.445973240767668,27.02334559325778,0.75,0.0038426454620273426
14,3>17>13>12>23>4>2>17>14>8>22>5>8>23>23>16>1>7>11>11>16>9>11>16,25.804618403388503,26.90291256651499,0.9166666666666666,0.0018115172286102814
14,11>8>21>2>7>1>12>18>14>12>7>4>22>24>13>14>17>4>12>22>6>6>11>12,25.625792127622773,26.81856393589559,1.0,0.0021665071856358047
14,17>17>24>12>22>15>10>18>8>7>7>1>5>23>12>4>1>19>24>13>6>8>5>16,26.034229312044193,27.32445311749181,0.5833333333333334,0.0024560694863788018
14,11>21>6>23>22>19>16>13>10>11>2>19>12>23>23>8>3>8>8>14>16>18>9>19,26.27464648906141,27.028672226797266,0.9166666666666666,0.0008235663192964962
14,17>24>23>17>7>20>9>13>14>11>1>4>22>22>23>19>10>18>17>7>24>21>3>19,25.826962560998854,27.112561398521166,0.6666666666666666,0.0024777887462436783
14,3>22>13>3>22>15>2>23>18>12>12>1>12>22>9>14>21>18>17>11>23>20>3>9,26.00191910446755,26.74221815688007,1.0,0.0008105943668361776
14,8>8>8>16>22>23>9>13>7>6>1>24>3>22>10>16>19>19>11>22>8>20>2>11,26.23308736991649,26.97330042649027,1.0,0.0007961862465650162
14,3>4>2>22>7>4>12>24>15>19>2>24>2>7>12>11>15>16>9>1>2>2>22>12,25.545271297526625,26.689934840320834,1.5,0.002007865710133555
14,14>8>8>8>7>6>22>13>18>3>22>19>24>19>15>14>10>18>2>1>23>6>17>5,26.324594388585595,27.259134331233863,0.6666666666666666,0.0012602954244359456
14,23>6>23>4>22>19>22>24>16>5>7>8>24>23>9>17>8>16>17>11>23>7>21>13,25.742388379073446,26.789350398473676,1.0,0.0016541092015257563
14,11>13>2>16>23>2>4>13>9>8>8>9>23>16>15>14>3>8>19>22>1>14>14>3,25.99773469182935,26.952264816959122,1.0,0.0013480570244840762
14,20>11>23>16>7>19>4>20>18>13>3>9>14>22>15>14>16>18>19>7>12>9>21>18,26.12521934898003,27.05307430645753,0.75,0.0012613635995815944
14,22>9>18>22>7>1>3>18>14>6>7>20>23>22>23>16>19>8>23>22>16>9>5>6,26.188586142849996,26.775190420067826,1.1666666666666667,0.0005017256975615791
14,18>16>23>2>22>20>2>6>15>4>3>9>3>22>12>16>11>8>16>22>11>18>21>12,25.91259682072442,26.883418864459873,0.9166666666666666,0.0014036453209298934
14,20>13>24>9>22>15>5>18>14>8>4>3>24>21>6>19>14>18>17>1>6>20>20>16,26.092379968267835,27.14095951916175,0.5833333333333334,0.001615010608252844
14,22>23>23>2>17>20>12>13>14>3>7>1>17>12>6>2>20>10>18>15>14>9>14>6,26.009953656214435,27.01338177809071,0.75,0.0014883099315373752
15,24>2>23>17>22>16>4>19>16>19>3>12>12>20>19>11>2>1>8>7>4>9>18>19,25.70639578757314,26.94708166787741,0.8333333333333334,0.0023293851352813727
15,11>3>20>8>11>15>22>11>24>7>2>3>19>16>14>24>14>1>19>6>14>21>11>7,26.286845561770434,26.72223328508695,1.0833333333333333,0.0002743313311042964
15,17>4>8>12>11>2>16>12>14>23>2>3>23>3>23>18>14>4>12>17>4>20>21>16,25.423923302147447,26.871283939799557,1.1666666666666667,0.0032409204811068826
15,3>17>19>2>23>8>22>4>9>19>2>4>2>23>1>18>14>9>14>8>24>20>22>18,25.693005269425655,26.977233744647947,0.9166666666666666,0.0024983586230889446
15,14>17>6>2>17>12>17>4>1>19>8>24>5>3>1>16>2>16>2>22>13>20>2>3,25.644493477990594,26.841316593722073,1.0,0.00217806926374114
15,16>6>19>16>7>24>9>6>24>5>1>5>12>12>18>14>14>1>14>22>23>20>8>12,26.306783512472965,26.854878065653736,0.9166666666666666,0.0004340856914466712
15,3>11>8>16>22>24>8>19>19>21>17>5>23>19>18>11>2>4>17>11>24>2>2>7,25.82705009214322,26.98264272223791,1.0,0.002001980841631589
15,4>11>19>22>8>13>18>9>16>15>21>1>24>24>1>16>10>4>24>3>8>2>17>20,25.880935558470195,27.26755294685316,0.5833333333333334,0.0028704721737749044
15,18>15>2>17>16>15>16>24>16>19>7>1>14>22>18>17>6>4>2>15>24>17>18>16,25.76937464495283,26.933512505830215,1.4166666666666667,0.0020408029282260776
15,4>6>6>22>4>16>10>18>9>23>4>24>15>12>18>16>2>14>17>13>21>19>9>7,25.66030186049078,27.21396740597898,0.5833333333333334,0.00366599229304621
15,8>13>8>2>22>12>4>19>16>19>4>15>24>8>3>11>21>4>17>13>24>8>12>23,25.521053190220666,26.906324305544768,1.0833333333333333,0.002946268836040757
15,7>13>2>3>7>14>5>19>14>11>16>24>12>2>3>22>20>8>5>13>16>9>2>7,26.206003645826602,26.91156824731296,0.9166666666666666,0.0007248897745991282
15,20>24>6>22>17>19>22>16>6>7>20>12>12>19>6>11>17>7>9>11>24>7>5>8,25.998877198331936,26.748316265198167,1.0833333333333333,0.0008309281481732872
15,15>8>2>22>21>18>12>11>1>6>7>5>3>16>10>14>17>10>1>16>12>17>22>3,26.27029863459225,27.455549092817776,0.5833333333333334,0.0020355896977157094
15,20>16>13>18>20>24>2>11>18>8>7>21>14>6>5>14>6>3>23>7>23>23>8>23,26.242995592124924,26.81590127179577,1.0,0.00047658398083332253
15,20>6>6>17>22>16>5>1>16>15>7>4>19>2>15>18>3>8>17>13>24>17>2>8,25.771350829983948,26.963752283736056,0.6666666666666666,0.002140773043152888
15,3>17>8>2>22>13>22>18>24>19>3>9>17>12>14>11>16>7>1>22>23>8>2>18,25.93829789597309,26.792693638860662,0.6666666666666666,0.0010850136555056007
15,17>8>23>2>7>24>17>23>6>19>3>7>24>12>15>22>21>1>8>22>14>14>2>1,25.86561127675542,26.63622006356862,0.75,0.0008876104783351037
16,3>11>21>18>22>24>22>24>17>7>12>4>4>6>6>19>13>1>24>15>8>8>2>23,25.684592185925453,26.90329084543729,0.5833333333333334,0.0022513722972450183
16,16>2>23>16>7>12>4>16>16>19>7>19>3>23>3>22>15>2>9>22>23>17>8>18,25.823099008204043,26.84853844741649,1.1666666666666667,0.0015768969482739057
16,3>15>8>19>21>9>17>10>6>7>3>5>19>18>9>24>21>1>14>22>8>9>23>20,26.357457295749214,27.23336492550022,0.5833333333333334,0.0011043572727983807
16,20>23>7>16>22>6>2>6>19>18>22>7>17>2>23>14>21>4>2>2>22>7>22>7,25.595294521106485,26.562210732180663,1.6666666666666667,0.0014271099054354445
16,20>11>13>16>11>24>12>18>19>6>1>24>19>8>1>8>1>7>16>5>16>21>23>21,26.2489148593597,26.671376566657813,0.9166666666666666,0.0002590311485373309
16,3>13>12>7>7>23>24>13>19>19>1>24>12>12>10>9>21>16>2>15>24>21>18>6,26.19534589396603,26.92512711280114,0.8333333333333334,0.0007761346810773463
16,16>17>14>22>8>20>10>6>19>19>22>24>21>12>23>8>2>7>17>17>22>2>21>18,25.84965442827084,26.91612687481907,0.8333333333333334,0.0017021185145727465
16,8>4>8>22>2>20>22>18>6>19>13>6>17>3>14>22>15>20>14>19>18>7>22>23,25.901032434540713,26.947543417719736,1.0,0.0016325009015416318
16,4>21>8>2>7>14>2>6>24>12>22>4>4>19>5>14>24>7>14>15>4>17>11>6,25.421458833130682,27.008350836585123,1.0833333333333333,0.0038966715859594697
16,8>13>15>22>22>8>24>19>5>5>3>1>12>7>23>14>6>20>15>2>4>14>12>18,26.102142129642434,27.13669275166235,0.5,0.0015709095938529656
16,21>4>8>2>17>1>3>17>14>15>12>23>12>6>10>2>2>7>4>1>16>19>2>16,25.595310545367415,27.0183665770174,0.9166666666666666,0.0030911721675953435
16,21>21>11>21>11>16>5>9>14>19>24>6>4>2>15>14>16>1>2>22>14>7>4>6,25.825870054601182,27.036050595403093,0.9166666666666666,0.002195788001991624
16,1>3>19>7>11>15>5>16>22>7>21>6>4>2>14>11>21>2>17>1>9>14>2>12,25.857792019961153,26.919154526625146,0.6666666666666666,0.0016847854669266849
16,21>17>6>12>5>15>23>1>22>15>2>24>15>11>10>8>3>12>24>17>23>20>2>20,26.013075741744824,27.034657822752692,0.75,0.001542279628784571
16,18>11>12>17>23>24>12>19>15>19>13>24>24>7>23>19>6>1>17>7>8>12>2>13,25.900774960372473,26.620261889789333,1.0833333333333333,0.000771649893110296
16,20>2>15>3>22>9>22>18>22>12>8>1>15>12>13>7>16>7>17>15>10>11>9>20,26.105289294706253,26.9838379051085,0.8333333333333334,0.001132594821455311
16,11>23>16>16>8>7>2>17>15>7>7>24>24>11>23>14>12>7>24>7>8>21>21>20,26.006453542907476,26.56046781956297,1.5,0.0004538158378326113
17,11>23>19>16>24>20>9>20>14>17>10>23>24>6>15>16>21>9>6>8>1>7>8>4,26.050960812598237,27.159057648125554,0.5833333333333334,0.0018092889801389815
17,20>13>23>4>2>12>2>21>14>7>20>16>12>6>24>16>21>18>14>1>17>7>23>7,25.760887783933565,26.717478468216743,0.8333333333333334,0.001378893240842033
17,5>13>12>19>22>18>23>13>14>22>3>4>1>19>16>8>2>2>14>8>18>23>21>21,25.97170551292992,27.000644630647766,0.75,0.0015695617877347304
17,21>15>12>22>11>12>2>18>19>19>7>17>19>20>12>9>11>22>4>20>4>23>11>18,25.67847263881842,26.900447779851568,1.0833333333333333,0.002264573211393794
17,16>9>6>19>22>15>23>4>14>7>21>2>4>20>10>16>24>9>14>22>18>8>21>12,25.88442392099221,27.20740326631142,0.5,0.0026123365097976067
17,18>24>2>16>22>2>14>18>6>11>21>2>4>21>22>14>11>4>20>9>22>17>2>16,25.551627722633963,26.785592451329777,1.25,0.002332213739524036
17,4>16>15>4>23>11>21>13>17>11>2>4>15>23>15>19>1>18>22>14>14>7>5>3,25.651977562216246,27.128718797172546,0.75,0.0033141113866705166
17,14>12>13>2>5>4>9>23>6>1>20>24>12>7>10>16>21>7>24>17>18>7>23>14,26.00372826135715,27.193170587152125,0.5833333333333334,0.002092259455203449
17,5>13>15>3>22>8>2>1>1>19>18>23>17>7>23>21>11>18>22>15>4>9>23>18,25.949581751705875,27.04057338481647,0.75,0.0017675923573145455
17,12>23>8>3>3>20>22>7>12>18>2>24>11>22>21>8>19>18>9>9>19>14>18>10,26.35363128155093,27.14738058928801,0.75,0.0009071639603824504
17,16>15>8>7>8>15>2>23>7>19>2>20>12>15>24>1>3>2>14>19>1>17>11>23,26.010382702000687,26.682367389843392,0.9166666666666666,0.0006674600394912196
17,11>15>2>22>3>2>9>2>6>19>7>1>15>16>23>5>21>17>14>9>13>8>18>18,26.080246839610194,26.874015207665444,0.5,0.0009263266980276898
18,15>15>8>4>22>8>9>12>12>18>21>23>11>22>23>1>15>2>9>20>18>23>16>6,25.897526094485812,26.8028661664332,0.9166666666666666,0.001222100517943362
18,16>13>12>19>13>24>2>16>17>22>8>24>17>21>22>18>14>18>1>23>18>11>3>11,25.981860432948267,26.80406274086085,0.75,0.0010014214554116504
18,4>4>14>22>18>8>23>21>17>15>12>6>5>15>21>8>22>18>14>3>1>11>22>15,25.84247820864797,27.154322131650364,0.9166666666666666,0.002576890818499517
18,16>2>2>19>13>14>5>16>14>15>24>1>11>23>7>22>12>4>3>9>22>23>18>6,25.96457832534851,26.961487569230748,0.4166666666666667,0.001474173833624655
18,16>8>23>11>11>20>13>9>17>18>2>7>24>6>10>7>14>21>9>20>20>7>21>24,26.15977839045502,26.983554879390447,0.8333333333333334,0.0009916322998399579
18,5>15>7>19>24>2>12>17>9>11>12>4>1>22>15>6>22>19>24>14>3>7>23>21,25.888403398946423,26.920555156677484,0.5,0.0015895587294798201
18,16>15>7>16>5>12>15>6>21>15>12>7>18>14>2>21>19>8>15>9>18>8>22>11,26.251802856139808,26.79253646670265,1.0,0.00042427599599506827
18,18>17>24>20>18>14>2>17>14>3>12>2>15>11>23>6>5>9>13>7>16>23>21>7,26.014169683760702,26.88404552507736,0.5,0.0011181359258290939
18,19>15>8>20>15>2>5>13>9>19>12>24>11>8>2>18>2>7>15>20>1>10>3>20,26.32124501159939,27.14395530232016,0.9166666666666666,0.0009769694952136896
18,20>15>9>22>12>2>12>12>12>23>7>2>4>23>1>21>2>18>9>9>3>6>2>6,25.714289875370273,26.623228419246402,1.4166666666666667,0.0012494531310434486
18,15>13>7>19>22>24>9>13>24>22>24>16>15>23>12>5>23>18>2>4>21>7>18>6,25.93600056700372,26.894093093818107,0.75,0.0013646110738731708
19,11>24>11>22>4>12>5>23>6>19>2>2>11>21>7>18>21>24>15>13>14>5>16>21,25.990309424522792,27.008630232672893,0.75,0.0015351341618513705
19,21>24>24>2>13>2>12>23>19>22>7>5>11>12>11>18>10>19>20>7>16>20>23>6,26.179161343649564,26.995824002756176,0.6666666666666666,0.0009731368927875112
19,15>2>19>16>8>23>9>12>12>18>12>24>11>8>22>13>23>20>13>13>6>7>16>9,26.02158854592129,26.454305451822183,0.8333333333333334,0.00027652863830606334
19,5>12>14>16>24>20>9>13>12>11>4>5>19>7>10>4>8>7>15>13>3>23>18>6,26.119843767747785,27.5104110160234,0.4166666666666667,0.0028342805908574734
19,3>2>11>22>22>9>13>12>9>1>6>2>9>7>22>4>21>21>12>17>6>1>19>17,25.587700847724893,26.582759158112236,1.0,0.0015122880937840472
19,11>15>14>16>4>24>23>18>17>14>6>24>19>12>21>8>2>18>2>7>2>8>22>5,25.90687140617169,27.001480010809253,0.5833333333333334,0.0017852036934933007
19,16>8>23>19>13>23>3>17>13>6>2>6>15>13>7>4>23>4>24>17>16>8>22>22,25.50532501797206,26.72116346521892,1.0,0.0022724274182118497
19,17>15>9>4>24>1>9>12>17>19>12>1>7>2>23>2>23>4>18>10>20>16>21>19,25.648383907975,27.051902753822553,0.6666666666666666,0.002994446000524858
19,4>2>15>7>15>2>2>17>18>8>24>1>14>6>11>1>1>19>14>7>22>17>16>11,25.778824111350207,26.86035063543371,0.9166666666666666,0.0017601437706916186
19,16>15>11>16>15>11>9>23>12>3>12>24>4>24>23>9>7>2>2>9>18>23>9>12,25.885398511019076,26.786034586235214,1.4166666666666667,0.001210567378375253
19,15>8>9>22>13>2>12>1>23>22>2>6>21>10>13>24>5>10>4>7>21>19>18>6,26.09686803565984,27.38497085483235,0.5,0.0024362636337050673
19,4>12>5>20>7>24>13>17>12>8>2>24>21>6>2>5>21>10>14>2>22>7>11>22,25.89176549361294,27.145463482864905,0.75,0.0023445663569576906
19,4>15>8>20>24>9>6>9>11>18>7>5>15>7>2>4>21>7>2>9>17>19>16>17,25.691709665522353,27.006824696551586,0.8333333333333334,0.0026202424119621016
19,18>15>11>19>5>12>21>8>9>18>22>1>23>6>23>20>21>22>24>20>10>11>9>6,26.306754550580862,27.068220917982007,0.6666666666666666,0.0008378512206169185
20,2>14>21>22>22>24>13>6>1>4>5>2>13>17>2>20>22>6>1>13>20>20>1>18,25.712800505753474,26.741763360607063,1.3333333333333333,0.001601402984920311
20,15>13>7>16>18>2>20>19>10>1>3>2>6>2>23>11>21>12>14>20>6>19>22>23,26.145045487970595,26.96039902241829,0.5833333333333334,0.0009725526302540123
20,11>19>8>9>7>12>5>1>7>19>23>21>15>23>14>7>14>7>14>12>24>7>1>11,26.25798102757928,26.683958825583378,1.5,0.00026317902159221103
20,4>13>8>16>24>8>6>17>13>18>20>1>19>15>15>4>22>17>5>8>17>23>16>22,25.608404086581753,26.956222063277604,0.9166666666666666,0.002770112842991238
20,18>12>8>4>15>23>7>23>9>22>17>23>19>11>13>20>21>14>15>12>6>4>18>18,25.752181821769824,26.99058723457593,0.75,0.0023125845670671614
20,19>19>7>4>13>3>5>17>14>6>6>17>21>13>15>11>2>21>4>17>6>20>20>20,25.606956305014837,26.956592012713458,1.0833333333333333,0.0027779037824917172
20,11>2>8>2>24>11>11>9>9>19>20>7>19>3>23>7>21>17>6>13>24>4>15>18,25.90090407439371,26.901320046263166,0.6666666666666666,0.0014918713936370182
20,8>12>14>22>13>24>2>8>7>8>12>2>13>13>18>11>19>24>15>20>22>23>2>15,25.972207665073146,26.52620692397811,1.0833333333333333,0.0004549887244866698
20,11>2>8>5>14>23>7>23>17>19>4>24>4>19>2>2>8>17>18>17>18>7>23>11,25.573363667190943,26.96747458855331,1.25,0.0029717956980709215
20,11>15>1>9>22>8>4>4>14>10>14>24>6>4>9>6>2>9>17>7>21>23>16>22,25.620708057828306,27.147640447491074,0.75,0.0035518724326323733
20,1>12>2>16>7>3>21>9>12>6>20>2>6>21>7>20>17>18>2>22>7>4>21>6,25.717716553412384,26.690125746149384,1.1666666666666667,0.0014296617590164185
20,14>14>5>19>1>3>9>23>1>14>2>7>12>8>23>13>6>24>5>17>17>23>13>18,26.095028741108877,26.993983065886272,0.8333333333333334,0.0011867512371399964
20,1>6>14>16>7>14>18>8>12>1>24>14>15>24>8>18>21>21>15>7>3>7>22>11,26.306421881810774,26.713886913972047,1.0,0.00023991484834943715
20,6>21>8>22>15>3>21>9>14>6>12>6>7>24>7>6>1>15>10>13>17>21>23>22,26.104815708990685,26.933265888803298,1.0,0.0010071439074256265
21,18>2>7>17>14>24>3>23>13>22>12>2>11>8>13>19>13>4>6>17>4>4>22>6,25.35674623291938,26.76499523047507,0.8333333333333334,0.003084408227337538
21,2>11>7>6>7>3>14>18>12>5>7>2>23>8>23>12>21>20>18>17>6>17>1>11,26.004440988180892,26.869507888300053,0.8333333333333334,0.001106634856624509
21,16>11>23>14>21>23>13>14>1>6>14>3>6>12>9>6>17>3>2>7>17>24>9>17,25.886142898697624,26.74413728922152,1.0,0.0010985863748288777
21,3>15>2>22>15>20>1>19>5>9>15>8>19>16>22>6>13>9>15>17>16>18>4>11,25.99477126605956,27.049416158494623,0.8333333333333334,0.0016460404627938365
21,16>4>7>22>15>24>2>23>17>7>14>2>17>19>17>1>14>17>17>13>23>7>4>6,25.249998322758458,26.544104501070922,1.4166666666666667,0.0026267401597499184
21,21>17>7>4>13>2>13>19>9>22>15>24>7>11>20>16>22>20>5>9>17>7>23>19,25.735034392113736,26.791925967716136,0.75,0.001686597166582286
21,16>2>8>17>18>3>17>19>20>24>1>6>19>21>3>12>22>4>6>9>13>12>1>19,25.826919367281523,26.906894318659724,0.6666666666666666,0.0017485664935139615
21,18>8>1>4>14>24>23>19>16>19>12>2>17>7>22>9>10>18>2>24>22>13>18>4,25.811798183300425,27.231592140359933,0.6666666666666666,0.003025618208642575
21,11>19>1>10>7>20>13>2>7>19>3>2>6>17>2>6>17>1>23>22>17>11>4>13,25.685171075428553,26.962763860098175,1.0,0.0024741155305197144
21,11>8>7>16>13>24>18>1>7>19>6>6>17>13>1>4>2>4>4>17>13>4>1>22,25.263659434501808,26.7873586524555,1.25,0.0036375248826716364
21,23>21>8>22>18>3>17>6>23>19>9>5>23>2>17>10>13>3>5>24>20>22>16>15,26.15059511240018,27.241368654868303,0.5833333333333334,0.0017398268837465708
21,13>17>21>6>22>24>6>23>17>1>1>16>19>8>17>10>14>2>4>20>3>17>18>22,25.701807720805462,27.043842722484342,0.75,0.0027264676253987707
21,23>21>8>3>4>10>2>1>9>6>13>24>11>2>18>7>22>7>5>17>15>11>4>11,25.855557867116698,27.291383489767462,0.5,0.003083866526042175
21,1>17>7>4>13>13>5>23>13>22>6>7>11>11>2>4>22>18>2>1>3>17>9>19,25.57524713622894,26.884176527063516,0.8333333333333334,0.0026193453424869523
21,1>17>22>3>20>24>9>8>13>6>24>7>19>15>13>10>22>6>5>24>10>23>5>21,26.364551670230743,27.435123093023343,0.6666666666666666,0.0016488855484559344
22,6>1>12>14>9>3>21>7>24>4>24>5>13>9>23>6>20>2>17>17>14>11>18>12,25.85661868553156,26.96823909912109,0.5,0.001848287665567554
22,3>17>11>22>15>11>12>21>12>1>14>1>21>8>14>19>3>2>2>24>22>9>18>19,26.052315560096726,26.77500814577111,0.75,0.0007695104791897771
22,22>21>21>16>20>13>12>2>13>1>22>1>7>24>22>12>20>2>4>17>21>9>4>6,25.426989583212887,26.5203793215819,1.0,0.0018490987160044512
22,16>10>1>11>13>16>6>8>12>12>7>18>7>21>13>11>20>3>5>4>15>23>14>19,26.215568726134666,27.31386773991353,0.4166666666666667,0.0017551838717867754
22,6>1>9>16>7>11>7>17>20>18>7>2>16>9>23>15>13>18>3>1>22>19>11>22,26.067704680235348,26.721287264101004,0.75,0.00062863036829342
22,3>12>6>16>12>20>7>19>5>15>24>5>2>16>3>8>2>6>23>4>15>7>4>17,25.830378897424378,27.16493948202278,0.75,0.002669408473170983
22,1>13>7>17>12>24>18>19>14>9>9>15>19>24>17>12>14>2>18>21>21>22>9>19,25.972531247886348,26.743390500858283,1.0,0.0008808898881324849
22,6>14>7>22>20>9>21>19>16>2>9>24>15>16>2>6>17>17>22>12>9>7>1>5,25.890892921317306,26.681978863574255,0.75,0.0009335837354565079
22,6>17>8>22>20>2>14>3>5>5>1>7>16>17>17>12>21>20>18>9>15>11>1>22,25.986110599613614,26.97109298384982,0.5833333333333334,0.0014367273589554394
23,23>17>16>4>16>11>13>17>3>6>14>5>6>23>10>9>17>15>5>4>9>4>4>15,25.496151297172432,27.322854498018014,1.25,0.005133182727445082
23,6>12>12>11>20>9>2>6>6>6>3>2>11>13>17>3>22>3>15>21>20>9>5>19,26.076091093614053,26.826557339330066,1.1666666666666667,0.0008282803298449579
23,11>20>8>17>20>24>6>19>12>23>1>7>14>23>3>3>22>6>5>3>21>11>15>21,26.186681067907173,26.882186112468496,0.6666666666666666,0.0007054068145045668
23,24>12>21>3>16>9>6>15>16>13>8>4>7>13>2>7>22>22>10>6>15>8>1>24,26.016597728955336,27.08509969931679,0.6666666666666666,0.001686745852191599
23,23>13>16>6>13>19>21>18>9>2>22>7>6>11>2>3>22>14>3>21>22>22>18>22,25.998057473862655,26.63010391494547,1.3333333333333333,0.0005910390578151274
23,16>17>6>13>15>13>17>14>12>3>24>4>7>5>19>9>13>18>23>21>15>7>2>11,25.849309883182997,26.960940022279363,0.5,0.0018493653667017657
23,18>8>11>13>18>2>21>15>16>23>4>15>18>24>11>3>2>17>2>7>22>7>4>17,25.607713804004277,26.928509348117103,0.9166666666666666,0.0026602936348756497
23,6>13>6>10>3>21>6>7>24>19>17>24>7>12>23>11>14>17>2>4>17>4>1>11,25.642386838725553,27.093356930469575,0.8333333333333334,0.003201842949162033
23,1>17>3>22>16>9>23>13>12>6>19>12>16>24>23>3>22>2>23>7>11>7>4>19,25.781459996785532,26.754172255461555,0.75,0.0014234878442076536
23,1>1>2>20>13>12>1>21>24>3>20>11>20>11>3>7>17>12>2>20>20>8>13>13,25.968257219925224,26.5998627599971,1.6666666666666667,0.0005915701514400774
24,23>4>14>4>16>17>17>17>12>13>22>14>2>12>20>9>15>22>23>1>15>12>18>6,25.419978076120852,26.673793287917313,0.9166666666666666,0.00243285780306279
24,23>1>2>20>7>9>13>15>4>19>8>17>18>5>22>11>22>16>5>12>17>17>13>17,25.642896864400456,26.893348115835458,0.75,0.0023779316084354745
24,12>12>22>20>7>20>13>17>16>9>22>2>10>4>19>5>14>22>3>1>17>8>1>7,25.878123292569658,27.147355975009333,0.6666666666666666,0.0024055641215454085
24,6>5>21>9>13>8>23>20>12>19>9>2>11>13>11>7>17>22>24>12>17>10>9>15,26.015475325106483,26.99737936645858,0.5833333333333334,0.0014245397248423034
24,12>2>7>17>16>9>23>20>14>9>1>6>14>24>23>3>22>17>13>20>11>8>18>5,26.015899189781436,26.8478887098372,0.4166666666666667,0.0010227230156812151
24,8>17>6>2>3>9>21>18>1>13>16>17>7>21>18>11>13>1>3>18>17>11>13>4,25.798394127669525,26.972815586350496,1.0833333333333333,0.0020723476325438047
24,9>13>5>22>3>16>7>23>21>6>15>24>15>1>22>7>13>19>24>1>11>7>19>19,26.191186443472773,26.668211182420496,0.9166666666666666,0.0003317198503609288
24,14>19>23>19>18>16>21>7>12>13>16>11>22>23>22>16>19>16>3>18>9>16>2>14,26.159096114469545,26.69480608470671,1.4166666666666667,0.0004193860604278387
24,23>1>16>16>17>16>21>2>12>2>14>11>15>24>23>6>17>16>24>2>17>8>7>14,25.74185343007242,26.563830608452896,1.25,0.0010196236334753086
24,9>21>15>9>7>2>11>15>18>4>3>11>18>12>22>16>22>8>24>17>17>10>1>14,25.960066364711015,27.219172260432554,0.5,0.002352409465603913
24,14>1>20>6>23>20>17>23>24>19>18>7>18>21>13>9>11>17>24>1>4>24>3>15,25.89884078849508,26.962440295315663,0.6666666666666666,0.001686535949437978
24,16>17>8>22>16>3>13>7>21>19>16>4>18>23>13>11>13>6>24>17>3>9>11>6,25.846388857346188,26.907257363435285,0.8333333333333334,0.001684703063134317
25,4>17>1>10>24>2>21>19>8>4>22>22>6>23>22>17>20>1>15>24>19>7>14>7,25.657808020119585,27.056169394648187,0.75,0.00297029603973703
25,7>8>22>9>13>13>18>7>12>13>24>23>7>6>18>13>19>17>2>22>12>23>10>22,25.98511627624863,26.873994820721865,1.25,0.0011701337823139472
25,4>9>2>16>23>20>18>7>24>7>17>4>18>10>11>1>17>3>24>18>22>8>14>14,25.877140979167894,27.358540918446387,0.6666666666666666,0.0032772687832422647
25,17>1>20>9>16>7>9>17>12>4>16>2>20>10>11>17>20>1>18>22>15>1>6>23,25.77649232763353,27.033855270619426,0.9166666666666666,0.002379434077184035
25,8>16>15>10>6>2>23>20>12>13>9>7>14>11>10>4>22>15>24>17>20>7>1>16,26.06764599648807,27.34898977840623,0.4166666666666667,0.002416171193729036
25,11>1>15>4>4>23>18>13>3>23>24>4>12>16>4>13>11>3>16>8>16>7>12>23,25.517995905266417,27.04369752206141,1.3333333333333333,0.0035747533848960802
25,2>14>9>3>13>23>1>17>24>24>13>2>10>9>12>17>20>15>24>17>16>3>18>17,25.876667490305405,27.028822186477104,1.0833333333333333,0.0019824621216846653
25,1>17>7>7>15>16>11>23>4>13>17>13>16>16>22>20>23>23>15>17>14>11>1>14,25.66854057288363,26.725854192382833,1.25,0.001696700935335713
25,23>14>1>13>7>20>6>18>14>13>11>18>18>9>10>18>13>6>14>12>20>23>17>6,26.28753649904729,27.147130969867725,1.4166666666666667,0.001069270164965371
25,6>2>15>13>24>9>6>18>9>5>14>4>7>11>22>21>12>14>22>24>20>8>21>17,25.89403961167923,26.926569627831118,0.5,0.0015900315990272397
25,2>1>22>22>10>13>9>19>11>7>14>7>20>24>10>7>13>1>15>12>3>23>18>7,26.332399210621315,27.264794267357455,0.8333333333333334,0.0012537734344623649
25,6>13>9>13>15>2>6>4>12>9>15>11>1>21>18>18>5>16>15>18>2>16>22>22,25.969995490093982,26.967523482754057,1.0,0.001475388639190595
25,7>9>14>9>16>9>8>16>4>24>16>2>18>21>11>24>15>3>22>22>12>1>14>17,25.90737199908666,26.906469544502137,0.75,0.00148719892125563
25,1>2>2>23>20>1>21>20>18>19>15>4>18>23>11>17>15>14>16>1>15>7>1>15,25.902193773845283,26.906555436686165,1.3333333333333333,0.0015035128979086169
25,16>1>19>13>24>9>23>15>4>13>9>18>10>21>12>13>19>16>17>17>17>17>7>7,25.712734357958322,27.011759886610335,1.0833333333333333,0.0025523418748177153
25,16>9>21>23>20>10>21>15>1>15>21>1>18>24>11>2>20>1>5>12>20>17>16>22,26.14591995169427,27.03474890053132,0.9166666666666666,0.0011556558644721356
25,11>9>14>23>2>16>10>19>15>13>17>14>18>5>11>20>15>3>24>24>16>8>7>15,26.349129747066616,27.228894270391077,0.5833333333333334,0.0011148086707833387
25,23>8>12>22>11>20>23>10>16>13>24>12>18>9>17>19>22>3>3>24>17>1>13>23,26.034493276086646,27.011130228402155,0.75,0.001407239595323828
26,2>17>14>15>4>10>11>16>4>13>9>22>14>5>3>11>9>16>17>1>21>3>18>7,25.892798939953437,27.397773995128915,0.5833333333333334,0.003378318606690857
26,19>23>14>16>23>16>21>2>18>6>4>11>5>2>12>7>21>23>20>8>17>1>12>12,25.81197148711873,26.84047660114008,0.75,0.0015877077237802855
26,11>2>23>3>12>9>15>22>4>4>4>11>18>21>19>7>21>16>16>10>20>13>9>2,25.681382361175196,27.193202010936645,0.6666666666666666,0.003465478250674026
26,6>23>12>17>15>11>6>6>15>20>9>9>9>12>22>8>11>15>9>1>14>14>22>23,26.01952340230946,26.578500803651426,1.4166666666666667,0.0004615192560874268
26,4>17>12>13>7>20>6>6>6>14>22>6>5>1>17>17>17>15>22>12>21>8>16>17,25.50777585019615,26.703558428646595,1.5,0.0021976537055117752
26,22>23>9>23>7>9>18>15>15>13>24>7>9>20>11>9>13>16>24>18>20>17>6>17,25.96509731392129,26.674155975023943,1.1666666666666667,0.0007457348226496092
26,14>23>1>23>17>2>15>2>13>9>22>11>18>10>22>20>17>3>24>21>21>1>19>7,25.96303430779425,26.960803884947858,0.5,0.0014768950030954857
26,11>17>9>4>14>9>17>2>12>13>24>9>12>24>22>18>15>3>16>21>24>5>7>23,25.81103922799669,26.9169537015486,0.6666666666666666,0.0018358284759515486
26,19>17>2>15>13>10>8>7>12>4>13>2>12>24>17>4>17>3>13>8>24>3>20>21,25.591826233683026,27.05764676532212,1.0,0.0032806435402912733
26,7>23>9>15>19>9>2>20>6>23>9>7>12>12>23>11>15>3>5>8>17>13>7>24,26.05005077580489,26.718612012571747,0.9166666666666666,0.0006586659860867202
26,6>20>13>9>24>21>23>6>18>13>22>2>18>7>22>17>15>3>11>13>20>13>3>15,26.014004966934255,26.700170776629708,1.0,0.0006957347740942383
26,6>14>12>1>5>14>15>1>12>11>7>2>9>21>4>24>15>15>24>8>17>8>2>23,25.898851433367188,26.926732039970265,0.75,0.0015751587700333037
26,1>23>16>13>15>20>2>18>4>2>9>7>5>20>12>24>20>16>24>21>3>7>9>14,25.995587449755302,26.959984669270355,0.6666666666666666,0.0013762984695550042
26,19>14>19>9>23>9>11>20>12>14>9>20>18>21>11>18>15>13>16>1>20>8>1>20,26.270980305748683,26.62558469224338,1.1666666666666667,0.00018219466228269258
26,2>14>21>16>4>20>21>19>12>13>22>7>18>9>5>20>11>1>22>19>20>8>12>2,25.918187129043673,26.88646125659282,0.6666666666666666,0.001395685006014033
26,1>2>6>17>11>20>11>19>18>9>24>23>1>14>16>20>17>15>9>21>1>13>6>23,25.95137775262333,26.66574818639904,0.75,0.0007577502785746571
26,18>2>16>17>3>11>6>2>15>6>22>2>5>16>10>20>4>14>17>17>20>7>18>17,25.781680654526912,27.212121149737975,1.0833333333333333,0.003078343952595056
27,18>1>2>19>24>13>13>19>24>2>6>22>5>16>12>17>4>16>16>22>17>21>7>7,25.71248804838417,26.798588078102895,0.8333333333333334,0.0017842324984584897
27,24>2>6>3>16>15>21>2>8>6>24>11>8>6>8>20>15>15>14>1>20>17>7>21,26.07784462410378,26.69858913007637,1.0833333333333333,0.0005666075824307998
27,11>23>2>11>20>8>17>1>1>6>22>2>9>16>10>17>15>21>22>1>20>13>9>16,25.920382129911378,26.862610301569052,0.8333333333333334,0.0013213849937670824
27,2>18>15>1>19>9>15>23>24>9>22>9>20>6>11>7>21>21>10>17>17>4>2>23,25.80218155413419,27.01627084487224,0.6666666666666666,0.0022140549892786074
27,8>2>16>7>7>9>8>17>12>13>7>22>9>7>5>24>17>1>9>13>14>13>9>12,25.916518565894346,26.68192286202301,1.5,0.0008722248759817289
27,24>14>16>11>19>20>11>23>5>20>13>4>18>2>21>21>17>3>24>22>20>8>12>8,25.94866678477531,27.00089427991856,0.5833333333333334,0.001644330806820165
27,22>4>6>4>12>13>20>20>4>2>9>19>21>3>7>23>15>6>9>1>7>17>17>12,25.370721337876375,26.74012941002937,0.75,0.00291340013907937
27,1>3>2>12>4>9>19>17>12>2>13>4>18>23>13>24>7>5>5>1>1>22>12>24,25.706651085284975,27.021035772052148,0.9166666666666666,0.002614291287204669
27,22>18>21>7>22>13>17>12>22>24>8>2>7>21>2>20>13>21>20>13>17>20>8>17,25.631892832735343,26.41734599871683,1.5,0.0009390294910713864
27,24>16>21>11>15>21>18>20>18>3>8>14>21>21>8>19>17>7>16>24>18>7>12>7,26.215327114914697,26.837562386179886,1.25,0.0005633764492220979
27,2>23>13>20>17>14>6>2>24>11>24>6>18>14>2>17>21>13>14>18>20>20>12>14,25.904704500083465,26.719021974628742,1.4166666666666667,0.0009881667208485017
27,2>12>1>12>24>21>9>1>24>13>16>20>9>8>18>17>18>21>11>22>15>22>9>7,25.97186023509545,26.593456033703287,0.75,0.000572809255273255
28,21>2>12>13>21>7>15>20>6>3>10>24>5>4>22>16>4>13>1>12>3>13>14>2,25.8631822302813,27.238913893769055,0.6666666666666666,0.0028294599192329795
28,18>23>6>21>24>9>15>19>20>18>9>22>5>16>18>15>15>16>24>12>17>3>7>3,26.26539841145902,26.97458906478637,0.8333333333333334,0.0007290511858944179
28,2>22>19>11>7>13>6>6>18>4>24>16>9>14>18>17>23>1>5>13>5>8>12>8,26.016296529966706,27.11964265732784,0.4166666666666667,0.0017985917709479008
28,24>17>18>12>20>6>15>4>21>20>22>2>18>21>1>4>17>8>1>21>24>9>23>23,25.55377036871899,26.789333518153118,0.8333333333333334,0.002337867633243981
28,1>20>6>7>16>9>1>3>23>14>12>9>21>2>3>21>15>24>16>18>17>1>20>17,25.9997998254706,26.75988098682621,0.75,0.0008546335321212972
28,18>9>3>21>19>13>3>1>12>3>8>2>7>1>12>19>13>24>11>20>7>7>9>24,26.218458493718135,26.70179827283875,1.0,0.0003398527361204434
28,22>15>6>12>15>18>9>3>23>13>16>4>20>24>7>1>3>7>11>12>17>7>9>24,25.931454164630292,26.909107981258437,0.6666666666666666,0.001421400477695381
28,3>23>13>16>22>13>8>9>2>20>22>10>9>6>2>13>21>1>24>13>17>3>7>17,25.909978585100358,26.891752497041125,0.9166666666666666,0.0014357831996156395
28,3>2>3>16>11>12>15>5>4>9>8>22>18>22>14>1>17>13>20>23>15>13>9>23,25.922217548146232,26.995608383265196,0.5,0.0017146341276936372
28,6>9>17>3>13>13>15>1>2>13>12>23>19>16>4>21>4>24>24>24>9>3>14>12,25.68068243198138,26.886696777971153,0.8333333333333334,0.0022054226323997496
28,21>21>7>21>7>6>9>14>4>13>16>20>20>6>4>20>20>3>20>7>7>8>18>22,25.849120501638794,26.997006026355717,1.75,0.001971994123108431
28,18>20>6>7>22>2>23>19>21>14>22>2>18>7>11>20>5>3>16>23>19>11>20>22,26.14468316927021,26.800273452251762,1.0,0.0006287793194183431
29,21>3>3>19>20>12>15>8>6>24>12>12>13>15>4>15>17>17>22>1>17>8>15>24,25.744316565106455,26.8539455557741,1.25,0.0018577738923243683
29,22>20>18>16>19>13>1>21>23>16>22>3>9>6>12>15>4>14>10>13>5>3>13>6,26.15608827079558,27.289126483634167,0.5833333333333334,0.0018764782094147974
29,11>13>19>4>7>18>8>9>23>2>24>9>19>22>22>4>16>11>13>18>8>10>15>7,25.934274394988844,27.27288672829321,0.75,0.002664166978133608
29,18>2>12>3>19>7>15>10>8>14>22>2>18>14>12>21>17>4>11>13>4>17>18>22,25.761697008338256,27.253669130613446,0.75,0.003354072768082651
29,18>23>17>3>7>18>19>12>2>13>24>2>20>14>18>1>2>8>22>16>17>22>10>23,25.997745016098673,27.05850423232976,0.75,0.0016648007683604067
29,12>13>19>3>4>18>1>12>21>14>9>2>24>21>12>4>14>16>1>24>24>3>9>8,25.85876913298519,27.051182284712546,1.0,0.0021263650102630286
29,9>3>4>13>24>16>18>12>8>23>5>20>9>16>23>21>20>17>11>10>17>4>13>5,25.873977413012238,27.37489440479706,0.6666666666666666,0.0033650146482100633
29,22>21>2>13>18>18>8>12>6>20>22>2>9>6>6>1>17>11>13>18>17>7>18>21,25.893702639799216,26.71279953434622,1.1666666666666667,0.001000650106956673
29,4>1>14>4>4>12>21>13>23>8>22>9>24>15>11>23>23>1>6>13>1>7>9>16,25.5552323453855,26.848115628979436,0.9166666666666666,0.002559522624279163
29,4>8>6>13>4>21>6>3>18>9>10>2>14>10>3>13>17>16>11>24>4>19>23>21,25.843357710563378,27.550243637925142,0.6666666666666666,0.004362255689837048
29,2>23>6>4>22>12>13>10>24>14>22>2>18>15>5>4>3>6>18>6>17>20>17>23,25.724082809467763,27.221270470465235,0.75,0.0033874483380267988
29,18>23>14>7>17>14>17>4>12>20>24>9>14>11>12>1>23>14>8>1>17>13>18>16,25.802408886657826,26.936972633095234,1.0833333333333333,0.0019334693767921244
29,8>13>1>16>20>18>5>23>20>14>16>14>13>15>11>1>2>11>16>18>17>13>9>21,26.149237173076887,26.847800742496613,0.9166666666666666,0.0007136640462988402
29,18>18>3>7>11>12>15>14>2>17>22>23>3>22>3>11>11>8>8>6>17>13>15>16,26.073913828805768,26.9232871911453,0.9166666666666666,0.0010611696528554932
29,21>23>19>16>20>7>17>12>24>16>8>2>9>14>12>4>5>8>22>10>3>13>7>21,25.996863268166805,27.19531228254052,0.4166666666666667,0.002125187364588081
29,21>3>18>13>3>7>6>3>7>21>8>23>16>15>12>20>23>1>11>6>5>3>18>2,26.310740596484568,26.921109318977987,0.9166666666666666,0.0005381686507172949
29,21>21>6>11>17>1>11>3>5>14>8>9>18>16>5>1>2>12>11>18>3>19>9>8,26.32627061090281,27.095490736925495,0.8333333333333334,0.0008537340343269031
29,21>21>13>16>3>12>8>23>12>3>8>21>21>22>3>18>14>16>22>6>16>7>13>7,26.13264804364106,26.648812301481275,1.4166666666666667,0.000390129703465071
29,8>9>6>13>15>21>11>12>24>13>19>24>20>6>3>7>17>15>5>10>14>17>9>6,26.197871626383968,27.157989246863252,0.6666666666666666,0.0013431263235690208
